{"cameraMode":{"drawMode":2,"name":"Shaded Wireframe","section":"Shading Mode"},"sceneLighting":true,"audioPlay":false,"sceneViewState":{"showFog":true,"showMaterialUpdate":false,"showSkybox":true,"showFlares":true,"showImageEffects":true,"showParticleSystems":true},"in2DMode":false,"pivot":{"x":-1.2291265726089478,"y":0.5382101535797119,"z":0.17705440521240235},"rotation":{"x":0.02724139578640461,"y":0.06891528517007828,"z":-0.0018822492565959693,"w":0.9972484111785889},"size":11.016693115234375,"orthographic":false}