{"cameraMode":{"drawMode":2,"name":"Shaded Wireframe","section":"Shading Mode"},"sceneLighting":true,"audioPlay":false,"sceneViewState":{"showFog":true,"showMaterialUpdate":false,"showSkybox":true,"showFlares":true,"showImageEffects":true,"showParticleSystems":true},"in2DMode":false,"pivot":{"x":-1.2291265726089478,"y":0.5382101535797119,"z":0.17705440521240235},"rotation":{"x":-0.016185929998755456,"y":-0.020999938249588014,"z":-0.0003397445543669164,"w":0.9996471405029297},"size":1167.31787109375,"orthographic":false}